,SeqNr,Long,Lat,East,North,RealT,LiveT,Dist(m),ROI_A,ROI_A(sd),ROI_B,ROI_B(sd),ROI_C,ROI_C(sd),ROI_PL,ROI_PL(sd),ROI_PR,ROI_PR(sd),ROI_P,ROI_P(sd),ROI_BR,ROI_BR(sd),ROI_K,ROI_K(sd),ROI_U,ROI_U(sd),ROI_T,ROI_T(sd)
14433,14434,13.8642547,56.1103384,1379249.1,6221915.9,1.0,1.0,72165,863.41,29.38,486.31,22.05,199.34,14.12,70.48,8.39,49.89,7.06,124.11,11.14,83.47,9.14,107.63,10.37,17.96,4.24,13.05,3.61
14434,14435,13.8643116,56.1103067,1379252.6,6221912.3,1.0,1.0,72170,854.68,29.23,474.17,21.77,190.35,13.8,72.01,8.49,48.12,6.94,123.29,11.1,81.03,9.0,111.01,10.54,20.26,4.5,10.91,3.3
14435,14436,13.8643682,56.1102749,1379256.0,6221908.6,1.0,1.0,72175,844.39,29.06,464.01,21.54,181.91,13.49,73.77,8.59,46.24,6.8,122.99,11.09,80.82,8.99,114.56,10.7,21.88,4.68,9.16,3.03
14436,14437,13.8644248,56.1102429,1379259.4,6221905.0,1.0,1.0,72180,832.26,28.85,457.44,21.39,175.52,13.25,75.68,8.7,44.23,6.65,123.33,11.11,83.62,9.15,118.07,10.87,22.26,4.72,8.2,2.86
14437,14438,13.8644815,56.1102111,1379262.8,6221901.4,1.0,1.0,72185,819.57,28.63,454.38,21.32,171.69,13.11,77.41,8.8,42.3,6.51,124.06,11.14,88.5,9.41,120.94,11.0,21.68,4.66,8.01,2.83
14438,14439,13.8645387,56.1101796,1379266.3,6221897.7,1.0,1.0,72190,808.14,28.43,454.15,21.31,170.59,13.06,78.54,8.86,40.79,6.39,124.79,11.17,93.94,9.69,122.43,11.07,20.75,4.56,8.43,2.9
14439,14440,13.8645966,56.1101485,1379269.8,6221894.2,1.0,1.0,72195,799.81,28.28,456.05,21.36,172.38,13.13,78.64,8.87,39.99,6.32,125.14,11.19,98.4,9.92,121.79,11.04,20.05,4.48,9.3,3.05
14440,14441,13.8646556,56.110118,1379273.4,6221890.7,1.0,1.0,72200,796.37,28.22,459.4,21.43,177.19,13.31,77.3,8.79,40.23,6.34,124.74,11.17,100.37,10.02,118.31,10.88,20.18,4.49,10.47,3.24
14441,14442,13.8647155,56.1100881,1379277.0,6221887.2,1.0,1.0,72205,798.14,28.24,463.61,21.52,184.55,13.58,74.62,8.63,41.51,6.44,123.57,11.11,99.43,9.97,112.31,10.59,21.23,4.61,11.77,3.43
14442,14443,13.8647759,56.1100584,1379280.7,6221883.8,1.0,1.0,72210,803.47,28.33,468.21,21.63,193.16,13.89,71.33,8.44,43.47,6.59,122.18,11.05,96.64,9.83,105.53,10.27,22.63,4.75,13.06,3.61
14443,14444,13.8648361,56.1100287,1379284.3,6221880.4,1.0,1.0,72215,810.53,28.45,472.73,21.73,201.62,14.19,68.22,8.26,45.72,6.76,121.12,11.0,93.17,9.65,99.83,9.99,23.78,4.87,14.17,3.76
14444,14445,13.8648957,56.1099986,1379287.9,6221877.0,1.0,1.0,72220,817.52,28.59,476.73,21.83,208.57,14.44,66.1,8.13,47.85,6.92,120.96,11.0,90.18,9.5,97.04,9.85,24.03,4.9,14.96,3.87
14445,14446,13.8649541,56.1099678,1379291.5,6221873.4,1.0,1.0,72225,822.78,28.71,479.65,21.92,212.8,14.6,65.57,8.1,49.55,7.05,122.11,11.06,88.61,9.42,98.54,9.94,22.95,4.8,15.3,3.92
14446,14447,13.8650116,56.1099365,1379294.9,6221869.9,1.0,1.0,72230,825.45,28.78,480.57,21.96,214.02,14.66,66.33,8.16,50.82,7.14,124.29,11.17,88.25,9.41,103.3,10.18,20.87,4.58,15.31,3.92
14447,14448,13.8650684,56.1099048,1379298.4,6221866.2,1.0,1.0,72235,824.93,28.79,478.41,21.92,212.2,14.6,67.78,8.25,51.79,7.21,126.97,11.29,88.56,9.43,109.52,10.49,18.37,4.3,15.16,3.9
14448,14449,13.8651249,56.1098728,1379301.8,6221862.6,1.0,1.0,72240,820.59,28.68,472.1,21.76,207.32,14.42,69.3,8.34,52.57,7.26,129.64,11.4,88.95,9.44,115.41,10.76,16.05,4.01,15.01,3.88
14449,14450,13.8651813,56.1098408,1379305.2,6221858.9,1.0,1.0,72245,811.89,28.46,460.64,21.43,199.4,14.1,70.32,8.37,53.29,7.29,131.78,11.46,88.89,9.42,119.2,10.9,14.49,3.8,15.04,3.87
14450,14451,13.8652379,56.1098089,1379308.6,6221855.3,1.0,1.01,72250,800.04,28.13,445.01,20.98,189.47,13.69,70.67,8.36,53.82,7.3,133.06,11.47,88.18,9.34,120.25,10.91,13.96,3.72,15.26,3.88
14451,14452,13.8652949,56.1097773,1379312.1,6221851.6,1.0,1.02,72255,788.51,27.82,428.73,20.51,179.87,13.29,70.71,8.33,53.78,7.26,133.36,11.44,87.13,9.25,119.31,10.82,14.37,3.76,15.44,3.89
14452,14453,13.8653525,56.1097459,1379315.6,6221848.0,1.0,1.02,72260,780.93,27.62,415.48,20.15,173.03,13.0,70.84,8.32,52.74,7.18,132.58,11.38,86.07,9.17,117.24,10.7,15.58,3.9,15.36,3.87
14453,14454,13.8654109,56.1097151,1379319.1,6221844.5,1.0,1.02,72265,780.89,27.66,408.95,20.02,171.39,12.96,71.48,8.37,50.3,7.02,130.62,11.31,85.33,9.14,114.9,10.61,17.46,4.14,14.79,3.81
14454,14455,13.8654702,56.1096848,1379322.7,6221841.0,1.0,1.01,72270,790.87,28.0,411.88,20.21,176.59,13.23,72.92,8.5,46.22,6.77,127.52,11.24,85.17,9.19,113.0,10.58,19.83,4.43,13.6,3.67
14455,14456,13.8655301,56.1096549,1379326.3,6221837.6,1.0,0.99,72275,807.24,28.54,422.16,20.64,186.28,13.71,75.03,8.7,41.35,6.46,124.01,11.19,85.59,9.29,111.62,10.61,22.25,4.74,12.05,3.49
14456,14457,13.8655904,56.1096252,1379330.0,6221834.2,1.0,0.97,72280,824.42,29.1,436.1,21.16,196.82,14.22,77.48,8.92,36.85,6.15,121.05,11.15,86.48,9.42,110.6,10.66,24.18,4.98,10.57,3.29
14457,14458,13.8656506,56.1095954,1379333.6,6221830.8,1.0,0.96,72285,836.83,29.49,450.01,21.63,204.54,14.58,79.98,9.12,33.88,5.93,119.6,11.15,87.74,9.55,109.78,10.68,25.11,5.11,9.57,3.15
14458,14459,13.8657105,56.1095655,1379337.3,6221827.3,1.0,0.96,72290,839.05,29.54,460.26,21.88,205.9,14.63,82.22,9.25,33.58,5.91,120.58,11.2,89.26,9.64,109.05,10.65,24.52,5.05,9.46,3.14
14459,14460,13.8657699,56.1095352,1379340.9,6221823.9,1.0,0.97,72295,830.73,29.23,464.97,21.87,200.72,14.37,83.84,9.29,35.95,6.08,123.74,11.28,90.95,9.67,108.49,10.56,22.5,4.81,10.32,3.26
14460,14461,13.8658289,56.1095048,1379344.4,6221820.4,1.0,0.99,72300,817.19,28.74,464.22,21.66,192.56,13.95,84.46,9.24,39.72,6.34,127.5,11.35,92.73,9.68,108.52,10.47,19.81,4.47,11.86,3.46
14461,14462,13.8658878,56.1094742,1379348.0,6221816.9,1.0,1.01,72305,804.03,28.25,458.2,21.32,185.19,13.56,83.68,9.11,43.58,6.58,130.22,11.37,94.51,9.68,109.55,10.43,17.25,4.14,13.8,3.7
14462,14463,13.8659466,56.1094436,1379351.6,6221813.3,1.0,1.02,72310,796.86,27.94,447.08,20.93,182.38,13.37,81.12,8.91,46.2,6.73,130.27,11.3,96.2,9.71,111.99,10.47,15.62,3.91,15.83,3.94
14463,14464,13.8660054,56.109413,1379355.1,6221809.8,1.0,1.02,72315,799.16,27.92,431.98,20.53,186.4,13.49,76.71,8.65,46.68,6.75,126.73,11.12,97.7,9.76,115.91,10.63,15.45,3.88,17.68,4.15
14464,14465,13.8660643,56.1093825,1379358.7,6221806.3,1.0,1.02,72320,807.47,28.11,417.03,20.2,194.7,13.8,71.47,8.36,45.53,6.68,121.03,10.88,98.83,9.83,120.26,10.85,16.39,4.0,19.14,4.33
14465,14466,13.8661232,56.109352,1379362.3,6221802.8,1.0,1.01,72325,816.93,28.39,406.98,20.04,203.79,14.18,66.64,8.11,43.54,6.55,115.05,10.65,99.4,9.9,123.78,11.05,17.93,4.21,20.02,4.44
14466,14467,13.8661822,56.1093215,1379365.8,6221799.3,1.0,1.0,72330,822.71,28.64,406.56,20.13,210.15,14.47,63.45,7.95,41.5,6.43,110.7,10.5,99.23,9.95,125.18,11.17,19.57,4.42,20.14,4.48
14467,14468,13.8662413,56.109291,1379369.4,6221795.8,1.0,0.99,72335,820.45,28.75,419.77,20.56,210.64,14.57,63.0,7.97,40.16,6.36,109.7,10.51,98.15,9.94,123.39,11.15,20.81,4.58,19.34,4.41
14468,14469,13.8663003,56.1092606,1379373.0,6221792.4,1.0,0.98,72340,810.92,28.71,443.13,21.22,205.81,14.46,65.03,8.13,39.85,6.36,112.08,10.67,96.39,9.9,119.33,11.01,21.48,4.67,17.76,4.25
14469,14470,13.8663594,56.1092301,1379376.6,6221788.9,1.0,0.98,72345,797.87,28.56,468.74,21.89,198.4,14.24,68.48,8.37,40.68,6.45,116.86,10.93,94.41,9.82,115.07,10.84,21.57,4.7,15.73,4.01
14470,14471,13.8664186,56.1091997,1379380.2,6221785.4,1.0,0.98,72350,785.13,28.34,488.66,22.36,191.17,13.99,72.26,8.6,42.74,6.61,123.04,11.22,92.66,9.74,112.71,10.74,21.08,4.64,13.59,3.73
14471,14472,13.8664778,56.1091694,1379383.7,6221781.9,1.0,0.98,72355,776.47,28.12,495.02,22.45,186.86,13.79,75.33,8.76,46.12,6.85,129.64,11.49,91.6,9.66,114.33,10.79,20.0,4.51,11.67,3.45
14472,14473,13.866537,56.1091391,1379387.3,6221778.4,1.0,0.99,72360,773.95,27.92,485.47,22.11,186.63,13.71,77.13,8.81,50.43,7.13,135.74,11.69,91.45,9.6,120.34,11.01,18.45,4.31,10.21,3.21
14473,14474,13.8665961,56.1091087,1379390.9,6221774.9,1.0,1.0,72365,776.89,27.8,466.56,21.55,189.13,13.72,77.98,8.81,54.5,7.36,140.56,11.83,92.08,9.57,128.46,11.31,16.7,4.08,9.33,3.05
14474,14475,13.8666549,56.1090781,1379394.5,6221771.4,1.0,1.02,72370,784.35,27.79,445.61,20.95,192.77,13.78,78.28,8.78,57.09,7.5,143.32,11.88,93.31,9.59,136.2,11.58,15.05,3.85,9.14,3
14475,14476,13.8667133,56.1090473,1379398.0,6221767.9,1.0,1.02,72375,795.39,27.93,429.97,20.53,195.95,13.86,78.42,8.77,56.97,7.47,143.24,11.85,95.0,9.65,141.05,11.76,13.78,3.68,9.74,3.09
14476,14477,13.8667712,56.1090162,1379401.5,6221764.3,1.0,1.02,72380,808.76,28.21,425.37,20.46,197.47,13.94,78.7,8.8,53.33,7.24,139.87,11.73,96.94,9.77,141.06,11.78,13.14,3.6,11.15,3.31
14477,14478,13.8668286,56.1089848,1379405.0,6221760.7,1.0,1.01,72385,821.75,28.58,429.95,20.67,197.93,14.02,79.02,8.86,47.35,6.86,134.21,11.55,98.82,9.91,137.04,11.67,13.05,3.6,12.93,3.58
14478,14479,13.8668858,56.1089533,1379408.4,6221757.1,1.0,0.99,72390,831.23,28.92,439.62,21.03,198.46,14.13,79.17,8.92,40.8,6.41,127.72,11.33,100.31,10.04,130.57,11.46,13.37,3.67,14.52,3.82
14479,14480,13.8669429,56.1089216,1379411.9,6221753.5,1.0,0.98,72395,834.06,29.12,450.29,21.4,200.17,14.26,78.94,8.96,35.46,6.0,121.84,11.13,101.05,10.14,123.23,11.19,13.93,3.76,15.37,3.95
14480,14481,13.8669999,56.10889,1379415.3,6221749.9,1.0,0.98,72400,827.23,29.07,457.92,21.63,204.16,14.44,78.12,8.93,33.04,5.81,117.99,10.98,100.72,10.15,116.59,10.92,14.59,3.86,14.93,3.91
14481,14482,13.8670571,56.1088584,1379418.8,6221746.3,1.0,0.98,72405,811.65,28.78,460.93,21.69,210.11,14.64,76.73,8.85,33.82,5.88,116.55,10.91,99.43,10.07,111.42,10.66,15.25,3.95,13.24,3.68
14482,14483,13.8671144,56.108827,1379422.3,6221742.7,1.0,0.99,72410,792.69,28.36,460.46,21.62,216.09,14.81,75.06,8.73,36.4,6.08,116.66,10.88,97.79,9.96,107.57,10.45,15.89,4.02,11.03,3.35
14483,14484,13.8671721,56.1087957,1379425.8,6221739.1,1.0,0.99,72415,775.99,27.96,457.79,21.47,220.12,14.89,73.4,8.6,39.28,6.29,117.45,10.88,96.43,9.86,104.86,10.28,16.47,4.07,9.04,3.02
14484,14485,13.8672301,56.1087647,1379429.3,6221735.5,1.0,1.0,72420,767.17,27.7,454.23,21.32,220.18,14.84,72.07,8.49,40.97,6.4,117.99,10.86,95.98,9.8,103.09,10.16,16.97,4.12,8.01,2.83
14485,14486,13.8672886,56.1087339,1379432.8,6221732.0,1.0,1.0,72425,770.39,27.7,450.89,21.19,214.94,14.63,71.32,8.43,40.39,6.34,117.67,10.83,96.91,9.82,102.08,10.08,17.36,4.16,8.53,2.91
14486,14487,13.8673475,56.1087034,1379436.4,6221728.5,1.0,1.01,72430,782.83,27.9,448.03,21.1,206.31,14.32,71.23,8.41,38.42,6.18,117.11,10.79,98.78,9.91,101.72,10.06,17.58,4.18,10.26,3.19
14487,14488,13.8674065,56.1086729,1379440.0,6221725.0,1.0,1.01,72435,799.53,28.2,445.64,21.06,197.18,14.01,71.84,8.45,36.55,6.03,117.32,10.8,100.91,10.02,101.92,10.07,17.57,4.18,12.64,3.55
14488,14489,13.8674657,56.1086425,1379443.5,6221721.5,1.0,1.0,72440,815.53,28.53,443.7,21.04,190.45,13.79,73.18,8.55,36.26,6.02,119.32,10.91,102.59,10.12,102.59,10.12,17.25,4.15,15.07,3.88
14489,14490,13.8675247,56.1086121,1379447.1,6221718.0,1.0,1.0,72445,826.06,28.79,442.23,21.06,188.83,13.76,75.26,8.69,38.93,6.25,124.02,11.15,103.16,10.17,103.63,10.2,16.57,4.08,17.0,4.13
14490,14491,13.8675837,56.1085816,1379450.7,6221714.5,1.0,0.99,72450,829.82,28.95,441.55,21.12,192.24,13.93,77.61,8.85,44.21,6.68,130.67,11.49,102.58,10.18,104.82,10.29,15.66,3.98,18.21,4.29
14491,14492,13.8676427,56.1085511,1379454.3,6221711.0,1.0,0.98,72455,828.45,29.01,442.25,21.2,198.17,14.19,79.42,8.98,50.26,7.15,137.08,11.8,101.34,10.15,105.83,10.37,14.8,3.88,18.76,4.37
14492,14493,13.8677018,56.1085207,1379457.9,6221707.5,1.0,0.98,72460,823.65,28.98,444.91,21.3,204.09,14.43,79.84,9.02,55.22,7.5,141.01,11.99,99.92,10.1,106.32,10.41,14.27,3.81,18.75,4.37
14493,14494,13.8677612,56.1084905,1379461.5,6221704.1,1.0,0.98,72465,817.14,28.87,450.14,21.43,207.44,14.55,78.04,8.92,57.2,7.64,140.24,11.96,98.83,10.04,105.98,10.4,14.37,3.83,18.25,4.31
14494,14495,13.8678209,56.1084604,1379465.1,6221700.6,1.0,0.98,72470,810.74,28.7,457.82,21.57,206.69,14.49,73.94,8.67,55.26,7.49,134.04,11.67,98.29,9.99,104.77,10.32,15.16,3.92,17.34,4.2
14495,14496,13.8678808,56.1084304,1379468.7,6221697.2,1.0,0.99,72475,806.51,28.53,466.17,21.69,202.69,14.3,69.27,8.36,50.6,7.15,125.23,11.24,97.99,9.95,103.41,10.22,16.22,4.05,16.15,4.04
14496,14497,13.8679407,56.1084005,1379472.3,6221693.7,1.0,1.0,72480,806.57,28.45,473.18,21.79,196.65,14.05,66.02,8.14,44.74,6.7,117.12,10.84,97.51,9.89,102.7,10.15,17.05,4.14,14.79,3.85
14497,14498,13.8680005,56.1083705,1379476.0,6221690.3,1.0,1.0,72485,813.02,28.52,476.85,21.84,189.77,13.78,66.16,8.13,39.2,6.26,113.01,10.63,96.43,9.82,103.46,10.17,17.15,4.14,13.37,3.66
14498,14499,13.8680601,56.1083404,1379479.6,6221686.8,1.0,1.0,72490,827.46,28.79,475.43,21.82,183.2,13.55,71.35,8.45,35.38,5.95,115.75,10.77,94.38,9.72,106.35,10.32,16.11,4.02,11.99,3.47
14499,14500,13.8681195,56.1083101,1379483.2,6221683.4,1.0,0.99,72495,846.82,29.2,469.72,21.75,177.49,13.37,80.09,8.98,33.71,5.83,124.12,11.18,91.44,9.6,110.73,10.56,14.33,3.8,10.79,3.3
14500,14501,13.8681785,56.1082797,1379486.8,6221679.9,1.0,0.99,72500,865.6,29.62,461.88,21.64,172.88,13.24,89.26,9.51,34.06,5.88,134.72,11.69,87.91,9.44,115.24,10.81,12.64,3.58,9.85,3.16
14501,14502,13.8682373,56.1082491,1379490.3,6221676.4,1.0,0.98,72505,878.27,29.91,454.05,21.51,169.63,13.15,95.7,9.87,36.34,6.09,144.13,12.12,84.1,9.26,118.54,10.99,11.86,3.48,9.29,3.08
14502,14503,13.8682958,56.1082184,1379493.9,6221672.8,1.0,0.98,72510,879.38,29.95,448.35,21.39,167.98,13.09,96.32,9.91,40.42,6.42,148.96,12.33,80.31,9.05,119.29,11.03,12.82,3.62,9.21,3.07
14503,14504,13.8683539,56.1081874,1379497.4,6221669.3,1.0,0.98,72515,868.15,29.71,445.92,21.29,168.03,13.07,90.56,9.6,45.78,6.82,148.16,12.27,76.89,8.84,117.22,10.92,15.59,3.98,9.58,3.12
14504,14505,13.8684119,56.1081563,1379500.9,6221665.7,1.0,0.99,72520,850.58,29.32,446.41,21.24,169.68,13.1,81.59,9.08,51.28,7.2,144.01,12.06,74.27,8.66,113.56,10.71,19.13,4.4,10.17,3.21
14505,14506,13.8684698,56.1081252,1379504.4,6221662.2,1.0,1.0,72525,833.25,28.93,449.36,21.24,172.8,13.17,72.87,8.56,55.76,7.48,139.07,11.82,72.85,8.55,109.66,10.49,22.32,4.73,10.73,3.28
14506,14507,13.8685277,56.1080941,1379507.9,6221658.6,1.0,1.0,72530,822.71,28.68,454.32,21.31,177.28,13.31,67.88,8.24,58.05,7.62,135.92,11.66,73.06,8.55,106.9,10.34,24.04,4.9,11.0,3.32
14507,14508,13.8685858,56.1080631,1379511.4,6221655.1,1.0,1.0,72535,823.28,28.67,460.62,21.45,182.77,13.51,68.89,8.29,57.44,7.57,136.29,11.67,75.12,8.66,106.2,10.3,23.62,4.86,10.84,3.29
14508,14509,13.8686439,56.1080321,1379514.9,6221651.5,1.0,1.0,72540,831.69,28.83,466.98,21.6,188.22,13.72,74.14,8.61,54.83,7.4,139.21,11.8,78.54,8.86,107.01,10.34,21.97,4.69,10.35,3.22
14509,14510,13.8687022,56.1080012,1379518.5,6221648.0,1.0,1.0,72545,843.05,29.05,471.94,21.73,192.4,13.88,81.03,9.0,51.45,7.18,143.11,11.97,82.69,9.1,108.5,10.42,20.28,4.51,9.71,3.12
14510,14511,13.8687605,56.1079703,1379522.0,6221644.4,1.0,1.0,72550,852.47,29.2,474.08,21.78,194.11,13.94,86.95,9.33,48.53,6.97,146.43,12.1,86.95,9.33,109.8,10.48,19.79,4.45,9.12,3.02
14511,14512,13.8688187,56.1079394,1379525.5,6221640.9,1.0,1.0,72555,855.62,29.21,472.23,21.7,192.38,13.85,89.55,9.45,47.17,6.86,147.75,12.14,90.72,9.51,110.16,10.48,21.51,4.63,8.75,2.95
14512,14513,13.868877,56.1079085,1379529.0,6221637.3,1.0,1.01,72560,853.1,29.09,467.62,21.54,188.58,13.68,88.99,9.4,47.27,6.85,147.05,12.08,93.6,9.64,109.76,10.44,24.84,4.96,8.71,2.94
14513,14514,13.8689352,56.1078775,1379532.6,6221633.8,1.0,1.01,72565,848.12,28.92,462.79,21.36,185.29,13.52,86.74,9.25,48.09,6.89,145.07,11.96,95.33,9.7,109.26,10.38,28.29,5.28,9.11,3
14514,14515,13.8689934,56.1078465,1379536.1,6221630.2,1.0,1.02,72570,843.93,28.78,460.27,21.26,185.11,13.48,84.25,9.09,48.87,6.93,142.53,11.83,95.63,9.69,109.31,10.36,30.37,5.46,10.03,3.14
14515,14516,13.8690515,56.1078155,1379539.6,6221626.7,1.0,1.02,72575,843.72,28.76,462.53,21.29,190.54,13.67,82.97,9.02,48.9,6.92,140.16,11.72,94.26,9.61,110.54,10.41,29.63,5.39,11.56,3.37
14516,14517,13.8691095,56.1077844,1379543.1,6221623.1,1.0,1.02,72580,849.16,28.87,469.77,21.48,200.92,14.04,83.26,9.04,48.05,6.87,138.32,11.65,91.6,9.48,112.78,10.52,25.98,5.05,13.58,3.65
14517,14518,13.8691675,56.1077534,1379546.6,6221619.6,1.0,1.01,72585,860.23,29.13,479.72,21.75,212.08,14.46,84.28,9.12,46.9,6.8,137.02,11.63,88.77,9.36,114.96,10.65,20.91,4.54,15.76,3.94
14518,14519,13.8692255,56.1077223,1379550.1,6221616.0,1.0,1.01,72590,876.81,29.51,489.94,22.06,219.63,14.77,85.11,9.19,46.04,6.76,136.25,11.63,86.93,9.29,115.94,10.73,15.96,3.98,17.74,4.2
14519,14520,13.8692835,56.1076913,1379553.6,6221612.4,1.0,1.0,72595,898.78,30.0,498.02,22.33,219.24,14.82,84.85,9.22,46.09,6.79,135.99,11.67,87.23,9.35,114.59,10.71,12.65,3.56,19.17,4.38
14520,14521,13.8693417,56.1076603,1379557.2,6221608.9,1.0,0.99,72600,924.78,30.57,502.16,22.53,209.04,14.53,83.08,9.16,47.45,6.92,136.36,11.74,90.14,9.54,110.46,10.56,11.9,3.47,19.84,4.48
14521,14522,13.8693999,56.1076294,1379560.7,6221605.4,1.0,0.98,72605,950.25,31.1,502.11,22.61,193.48,14.04,80.61,9.06,50.06,7.14,137.79,11.84,94.4,9.8,104.74,10.33,12.92,3.63,19.84,4.49
14522,14523,13.8694581,56.1075985,1379564.2,6221601.8,1.0,0.98,72610,970.14,31.5,497.87,22.56,178.01,13.49,78.42,8.95,53.75,7.41,140.81,12.0,98.5,10.04,98.89,10.06,14.69,3.88,19.35,4.45
14523,14524,13.8695163,56.1075675,1379567.7,6221598.3,1.0,0.98,72615,979.43,31.63,489.47,22.36,168.06,13.1,77.51,8.9,58.37,7.72,145.91,12.21,100.9,10.15,94.37,9.82,16.19,4.07,18.52,4.35
14524,14525,13.8695744,56.1075365,1379571.3,6221594.7,1.0,0.99,72620,974.14,31.41,477.31,21.99,168.08,13.05,78.65,8.93,63.7,8.03,153.32,12.46,100.34,10.08,92.4,9.67,16.53,4.09,17.5,4.21
14525,14526,13.8696325,56.1075055,1379574.8,6221591.2,1.0,1.0,72625,957.33,30.95,464.51,21.56,176.14,13.28,81.17,9.01,68.9,8.3,161.5,12.71,97.29,9.87,92.55,9.62,15.82,3.98,16.26,4.03
14526,14527,13.8696905,56.1074744,1379578.3,6221587.6,1.0,1.01,72630,934.83,30.4,455.28,21.22,187.79,13.63,83.81,9.1,72.93,8.49,168.18,12.9,92.86,9.58,93.73,9.63,14.56,3.79,14.72,3.82
14527,14528,13.8697484,56.1074433,1379581.8,6221584.0,1.0,1.02,72635,912.5,29.92,453.8,21.1,198.55,13.96,85.32,9.15,74.72,8.56,171.11,12.96,88.18,9.3,94.88,9.65,13.24,3.6,12.79,3.54
14528,14529,13.8698063,56.1074122,1379585.3,6221580.5,1.0,1.02,72640,896.03,29.66,463.99,21.34,204.18,14.16,84.52,9.11,73.31,8.48,168.2,12.85,84.37,9.1,94.97,9.66,12.34,3.48,10.41,3.2
14529,14530,13.8698642,56.1073811,1379588.8,6221576.9,1.0,1.01,72645,888.71,29.66,484.22,21.9,204.59,14.23,81.7,8.99,69.16,8.27,160.39,12.6,82.12,9.02,94.02,9.65,12.11,3.46,7.83,2.78
14530,14531,13.8699222,56.10735,1379592.3,6221573.3,1.0,1.0,72650,891.61,29.89,507.96,22.56,203.44,14.28,78.43,8.87,64.03,8.01,151.34,12.32,81.77,9.05,92.98,9.65,12.6,3.55,5.58,2.37
14531,14532,13.8699803,56.107319,1379595.8,6221569.8,1.0,0.99,72655,905.72,30.31,528.48,23.15,204.54,14.4,76.34,8.8,59.74,7.78,144.83,12.12,83.64,9.21,92.82,9.7,13.84,3.75,4.21,2.07
14532,14533,13.8700385,56.1072881,1379599.4,6221566.2,1.0,0.98,72660,932.02,30.86,539.08,23.47,211.64,14.7,77.04,8.87,58.1,7.7,144.59,12.15,88.05,9.48,94.51,9.83,15.88,4.03,4.25,2.08
14533,14534,13.8700969,56.1072573,1379602.9,6221562.7,1.0,0.98,72665,968.65,31.46,537.19,23.43,225.98,15.19,81.08,9.1,59.93,7.82,152.12,12.47,94.81,9.84,98.43,10.03,18.55,4.35,5.87,2.45
14534,14535,13.8701554,56.1072265,1379606.4,6221559.2,1.0,0.98,72670,1008.17,32.01,528.45,23.18,243.72,15.74,86.93,9.4,64.17,8.08,164.46,12.93,102.72,10.22,103.76,10.27,21.34,4.66,8.47,2.93
14535,14536,13.8702139,56.1071956,1379610.0,6221555.6,1.0,0.99,72675,1042.45,32.43,519.47,22.89,260.41,16.21,92.79,9.67,69.54,8.38,178.08,13.4,110.46,10.56,109.52,10.51,23.66,4.89,11.37,3.39
14536,14537,13.8702721,56.1071647,1379613.5,6221552.1,1.0,1.0,72680,1063.38,32.62,516.83,22.74,271.62,16.48,96.86,9.84,74.74,8.65,189.49,13.77,116.72,10.81,114.74,10.71,24.97,5.0,13.88,3.73
14537,14538,13.8703301,56.1071336,1379617.0,6221548.5,1.0,1.01,72685,1065.08,32.53,525.47,22.85,273.99,16.5,97.77,9.86,78.68,8.84,195.87,13.95,120.39,10.94,118.6,10.86,24.84,4.97,15.46,3.92
14538,14539,13.870388,56.1071025,1379620.5,6221545.0,1.0,1.01,72690,1052.27,32.26,542.46,23.16,269.21,16.32,96.15,9.75,81.2,8.96,197.53,13.98,121.41,10.96,120.86,10.93,23.61,4.83,16.15,4
14539,14540,13.8704459,56.1070714,1379624.0,6221541.4,1.0,1.02,72695,1032.8,31.89,562.54,23.54,260.48,16.02,93.19,9.58,82.45,9.01,195.78,13.89,120.02,10.87,121.47,10.94,21.84,4.64,16.21,4
14540,14541,13.870504,56.1070404,1379627.5,6221537.9,1.0,1.02,72700,1014.53,31.56,580.44,23.87,251.0,15.7,90.11,9.4,82.56,9.0,191.87,13.72,116.46,10.69,120.41,10.87,20.11,4.44,15.86,3.95
14541,14542,13.8705626,56.1070097,1379631.1,6221534.3,1.0,1.02,72705,1004.77,31.35,591.21,24.05,243.76,15.44,88.05,9.28,81.67,8.94,187.05,13.53,111.02,10.42,117.66,10.73,18.94,4.3,15.36,3.88
14542,14543,13.8706215,56.1069792,1379634.7,6221530.8,1.0,1.02,72710,1004.06,31.3,593.81,24.07,239.42,15.28,87.15,9.22,80.03,8.84,181.95,13.32,104.67,10.11,113.97,10.55,18.42,4.24,14.92,3.82
14543,14544,13.8706807,56.1069488,1379638.2,6221527.4,1.0,1.03,72715,1008.26,31.35,589.89,23.98,236.99,15.2,86.87,9.2,78.0,8.72,176.85,13.13,98.83,9.81,110.54,10.38,18.34,4.23,14.75,3.79
14544,14545,13.87074,56.1069185,1379641.8,6221523.9,1.0,1.02,72720,1013.14,31.46,581.14,23.82,235.46,15.16,86.68,9.2,75.9,8.61,171.96,12.96,94.92,9.63,108.59,10.3,18.49,4.25,15.05,3.83
14545,14546,13.8707993,56.1068882,1379645.4,6221520.4,1.0,1.02,72725,1014.5,31.57,569.26,23.65,233.82,15.16,86.03,9.19,74.08,8.53,167.54,12.83,94.37,9.63,109.33,10.36,18.66,4.28,16.02,3.97
14546,14547,13.8708583,56.1068577,1379649.0,6221516.9,1.0,1.01,72730,1010.42,31.66,555.94,23.48,231.56,15.16,84.65,9.16,72.69,8.49,163.73,12.74,97.45,9.83,113.0,10.59,18.72,4.31,17.61,4.18
14547,14548,13.8709173,56.1068272,1379652.6,6221513.4,1.0,1.0,72735,1003.25,31.73,542.85,23.34,229.1,15.16,82.79,9.11,71.49,8.47,160.47,12.69,102.22,10.13,117.98,10.88,18.67,4.33,19.28,4.4
14548,14549,13.8709761,56.1067966,1379656.1,6221509.9,1.0,0.99,72740,995.85,31.77,531.65,23.21,226.93,15.17,80.73,9.05,70.21,8.44,157.69,12.64,106.54,10.39,122.41,11.14,18.55,4.34,20.44,4.55
14549,14550,13.8710349,56.106766,1379659.7,6221506.4,1.0,0.98,72745,991.06,31.8,524.02,23.12,225.59,15.17,78.77,8.96,68.58,8.36,155.34,12.59,108.23,10.51,124.49,11.27,18.39,4.33,20.5,4.57
14550,14551,13.8710938,56.1067354,1379663.3,6221502.9,1.0,0.98,72750,991.1,31.8,521.24,23.06,225.51,15.17,77.16,8.87,66.43,8.23,153.34,12.51,105.64,10.38,122.82,11.19,18.21,4.31,19.02,4.4
14551,14552,13.8711526,56.1067049,1379666.8,6221499.4,1.0,0.98,72755,994.64,31.78,522.49,23.04,226.82,15.18,75.92,8.78,64.1,8.07,151.75,12.41,100.0,10.08,118.64,10.98,17.98,4.27,16.44,4.09
14552,14553,13.8712117,56.1066745,1379670.4,6221495.9,1.0,0.99,72760,999.12,31.75,526.22,23.04,229.49,15.21,74.98,8.7,62.13,7.92,150.63,12.33,93.5,9.71,114.05,10.73,17.68,4.22,13.49,3.69
14553,14554,13.871271,56.1066442,1379674.0,6221492.4,1.0,1.0,72765,1001.97,31.69,530.85,23.07,233.51,15.3,74.28,8.63,61.04,7.82,150.06,12.26,88.36,9.41,111.16,10.55,17.26,4.16,10.91,3.31
14554,14555,13.8713306,56.1066141,1379677.6,6221489.0,1.0,1.0,72770,1000.74,31.61,534.87,23.11,238.84,15.44,73.76,8.58,61.35,7.83,150.1,12.24,86.71,9.31,111.97,10.57,16.69,4.08,9.42,3.07
14555,14556,13.8713905,56.1065842,1379681.3,6221485.5,1.0,1.0,72775,994.98,31.52,537.53,23.16,244.79,15.63,73.56,8.57,62.95,7.93,150.77,12.27,88.94,9.42,116.4,10.78,16.0,4.0,9.17,3.03
14556,14557,13.8714504,56.1065543,1379684.9,6221482.1,1.0,1.0,72780,986.25,31.4,538.88,23.21,250.02,15.81,74.01,8.6,65.09,8.07,152.03,12.33,93.72,9.68,122.24,11.05,15.25,3.9,9.8,3.13
14557,14558,13.8715102,56.1065243,1379688.5,6221478.6,1.0,1.0,72785,976.19,31.25,538.98,23.22,253.16,15.92,75.45,8.69,67.03,8.19,153.84,12.41,99.65,9.99,127.19,11.28,14.55,3.82,10.9,3.3
14558,14559,13.8715697,56.1064941,1379692.1,6221475.2,1.0,1.0,72790,966.43,31.09,537.9,23.19,252.85,15.9,78.22,8.84,68.02,8.25,156.16,12.5,105.32,10.26,128.98,11.36,13.97,3.74,12.07,3.47
14559,14560,13.8716286,56.1064636,1379695.7,6221471.7,1.0,1.0,72795,958.45,30.9,535.72,23.1,248.27,15.73,82.37,9.06,67.55,8.2,158.85,12.58,109.61,10.45,126.17,11.21,13.59,3.68,13.02,3.6
14560,14561,13.8716871,56.1064328,1379699.2,6221468.2,1.0,1.01,72800,953.15,30.74,532.59,22.98,240.37,15.44,86.98,9.29,65.99,8.09,161.43,12.65,112.3,10.55,120.22,10.92,13.47,3.65,13.79,3.7
14561,14562,13.8717453,56.1064019,1379702.8,6221464.6,1.0,1.01,72805,951.3,30.62,528.68,22.83,230.5,15.07,90.93,9.47,63.87,7.94,163.34,12.69,113.36,10.57,113.16,10.56,13.67,3.67,14.49,3.78
14562,14563,13.8718033,56.1063708,1379706.3,6221461.1,1.0,1.02,72810,953.69,30.6,524.13,22.68,219.99,14.69,93.1,9.56,61.73,7.78,164.04,12.69,112.75,10.52,107.04,10.25,14.24,3.74,15.24,3.87
14563,14564,13.8718612,56.1063397,1379709.8,6221457.5,1.0,1.02,72815,961.02,30.69,519.14,22.56,210.16,14.35,92.4,9.52,60.07,7.67,162.98,12.64,110.46,10.4,103.83,10.09,15.24,3.86,16.15,3.98
14564,14565,13.8719191,56.1063086,1379713.3,6221453.9,1.0,1.02,72820,972.6,30.9,514.42,22.47,202.0,14.08,89.02,9.35,58.99,7.61,160.22,12.54,106.96,10.25,103.99,10.1,16.51,4.03,17.17,4.1
14565,14566,13.871977,56.1062775,1379716.8,6221450.4,1.0,1.01,72825,986.18,31.18,511.31,22.45,196.13,13.9,84.46,9.12,58.09,7.57,156.41,12.42,103.21,10.09,106.36,10.24,17.66,4.17,18.11,4.23
14566,14567,13.872035,56.1062465,1379720.3,6221446.8,1.0,1.01,72830,999.45,31.48,511.14,22.51,193.17,13.84,80.28,8.92,56.98,7.52,152.22,12.29,100.23,9.97,109.69,10.43,18.32,4.26,18.79,4.32
14567,14568,13.8720933,56.1062156,1379723.8,6221443.3,1.0,1.0,72835,1010.13,31.77,515.27,22.69,193.72,13.91,78.06,8.83,55.23,7.43,148.36,12.18,98.99,9.95,112.75,10.61,18.09,4.25,19.01,4.36
14568,14569,13.8721518,56.1061848,1379727.4,6221439.7,1.0,0.99,72840,1016.31,32.0,524.38,22.99,198.06,14.13,79.0,8.92,52.58,7.28,145.39,12.1,100.23,10.05,114.54,10.74,16.72,4.1,18.62,4.33
14569,14570,13.8722104,56.1061541,1379730.9,6221436.2,1.0,0.98,72845,1018.42,32.16,535.68,23.32,204.75,14.42,82.44,9.15,49.33,7.08,143.32,12.06,103.2,10.24,115.46,10.83,14.6,3.85,17.72,4.24
14570,14571,13.8722689,56.1061233,1379734.5,6221432.7,1.0,0.98,72850,1017.67,32.24,545.17,23.59,211.71,14.7,87.06,9.43,46.03,6.86,141.97,12.04,106.68,10.44,116.4,10.9,12.38,3.56,16.5,4.11
14571,14572,13.8723272,56.1060924,1379738.0,6221429.1,1.0,0.98,72855,1015.26,32.22,548.84,23.69,216.9,14.89,91.56,9.68,43.21,6.65,141.16,12.01,109.4,10.58,118.21,10.99,10.71,3.31,15.17,3.94
14572,14573,13.872385,56.1060612,1379741.5,6221425.6,1.0,0.98,72860,1012.38,32.11,542.74,23.51,218.28,14.91,94.61,9.82,41.41,6.49,140.7,11.97,110.16,10.59,121.76,11.14,10.2,3.22,13.91,3.76
14573,14574,13.8724423,56.1060298,1379745.0,6221422.0,1.0,0.99,72865,1009.24,31.91,526.4,23.04,215.31,14.74,95.5,9.81,40.85,6.42,140.36,11.9,108.52,10.46,127.11,11.32,11.06,3.34,12.89,3.61
14574,14575,13.8724994,56.1059982,1379748.4,6221418.4,1.0,1.0,72870,1004.43,31.64,505.05,22.44,209.92,14.47,94.42,9.7,41.24,6.41,139.8,11.81,105.41,10.25,133.0,11.51,12.75,3.56,12.22,3.49
14575,14576,13.8725566,56.1059667,1379751.9,6221414.8,1.0,1.01,72875,996.4,31.35,484.46,21.86,204.27,14.2,91.69,9.51,42.24,6.46,138.67,11.7,101.86,10.02,138.08,11.67,14.67,3.8,12.01,3.44
14576,14577,13.8726141,56.1059354,1379755.4,6221411.2,1.0,1.02,72880,983.58,31.06,470.38,21.48,200.5,14.02,87.6,9.27,43.52,6.53,136.65,11.58,98.92,9.85,140.97,11.76,16.23,3.99,12.36,3.48
14577,14578,13.8726723,56.1059044,1379758.9,6221407.6,1.0,1.02,72885,964.59,30.78,468.29,21.45,200.68,14.04,82.44,9.0,44.75,6.63,133.4,11.45,97.57,9.79,140.37,11.74,16.86,4.07,13.38,3.62
14578,14579,13.8727311,56.1058738,1379762.4,6221404.1,1.0,1.01,72890,941.02,30.54,478.25,21.77,204.82,14.25,76.79,8.72,45.71,6.73,129.16,11.31,97.86,9.85,136.48,11.63,16.49,4.04,14.96,3.85
14579,14580,13.8727903,56.1058435,1379766.0,6221400.6,1.0,1.0,72895,917.27,30.33,495.31,22.29,211.05,14.55,71.38,8.46,46.31,6.81,124.63,11.18,98.95,9.96,130.84,11.45,15.51,3.94,16.83,4.11
14580,14581,13.8728499,56.1058133,1379769.6,6221397.2,1.0,0.99,72900,897.83,30.17,514.33,22.84,217.46,14.85,67.01,8.24,46.44,6.86,120.53,11.06,99.98,10.07,125.06,11.26,14.32,3.81,18.69,4.35
14581,14582,13.8729096,56.1057832,1379773.3,6221393.7,1.0,0.98,72905,887.2,30.09,530.18,23.26,222.1,15.05,64.44,8.11,46.01,6.85,117.59,10.95,100.09,10.11,120.75,11.1,13.35,3.69,20.26,4.55
14582,14583,13.8729693,56.1057531,1379776.9,6221390.3,1.0,0.98,72910,888.85,30.08,538.54,23.41,223.4,15.08,64.27,8.09,44.98,6.77,116.41,10.88,98.64,10.02,119.18,11.01,12.96,3.63,21.27,4.65
14583,14584,13.8730288,56.1057229,1379780.5,6221386.8,1.0,0.99,72915,900.4,30.14,539.82,23.33,221.68,14.95,66.11,8.17,43.6,6.63,116.92,10.86,96.32,9.86,119.74,10.99,13.23,3.65,21.67,4.68
14584,14585,13.8730879,56.1056925,1379784.1,6221383.3,1.0,1.0,72920,917.36,30.24,536.09,23.12,218.0,14.74,69.21,8.31,42.27,6.49,118.79,10.88,94.3,9.69,121.12,10.99,14.2,3.76,21.47,4.63
14585,14586,13.8731466,56.1056619,1379787.6,6221379.8,1.0,1.01,72925,935.25,30.37,529.45,22.85,213.4,14.51,72.8,8.47,41.35,6.39,121.7,10.95,93.74,9.61,122.03,10.97,15.85,3.95,20.66,4.51
14586,14587,13.8732047,56.1056309,1379791.1,6221376.2,1.0,1.02,72930,949.59,30.5,521.97,22.61,208.9,14.31,76.14,8.64,41.24,6.36,125.32,11.08,95.81,9.69,121.18,10.9,18.21,4.22,19.26,4.34
14587,14588,13.8732622,56.1055996,1379794.6,6221372.7,1.0,1.02,72935,957.69,30.63,515.33,22.47,205.23,14.18,78.72,8.78,42.13,6.42,129.34,11.25,100.82,9.94,118.06,10.75,21.08,4.54,17.38,4.13
14588,14589,13.8733194,56.105568,1379798.1,6221369.0,1.0,1.02,72940,960.66,30.74,510.27,22.4,202.36,14.11,80.52,8.9,43.81,6.56,133.42,11.46,107.25,10.27,113.87,10.58,23.86,4.84,15.35,3.89
14589,14590,13.8733765,56.1055365,1379801.5,6221365.4,1.0,1.01,72945,960.1,30.83,507.44,22.42,200.2,14.08,81.61,8.99,46.03,6.75,137.25,11.66,113.34,10.59,110.01,10.44,25.89,5.06,13.53,3.66
14590,14591,13.8734339,56.105505,1379805.0,6221361.8,1.0,1.0,72950,957.64,30.9,507.46,22.49,198.65,14.07,82.03,9.04,48.54,6.96,140.52,11.84,117.33,10.82,107.89,10.37,26.52,5.14,12.3,3.5
14591,14592,13.8734918,56.1054739,1379808.5,6221358.3,1.0,1.0,72955,954.85,30.93,510.95,22.62,197.61,14.07,81.86,9.06,51.09,7.15,142.9,11.96,117.53,10.85,108.88,10.44,25.11,5.02,12.01,3.47
14592,14593,13.8735504,56.1054432,1379812.1,6221354.7,1.0,1.0,72960,952.59,30.92,517.34,22.79,197.05,14.06,81.28,9.03,53.43,7.32,144.36,12.04,113.81,10.69,113.0,10.65,21.74,4.67,12.62,3.56
14593,14594,13.8736095,56.1054128,1379815.6,6221351.3,1.0,1.0,72965,950.8,30.89,524.67,22.94,197.0,14.06,80.66,9.0,55.35,7.45,145.15,12.07,107.97,10.41,118.63,10.91,17.37,4.17,13.67,3.7
14594,14595,13.8736691,56.1053827,1379819.3,6221347.8,1.0,1.0,72970,949.38,30.84,530.89,23.06,197.52,14.07,80.37,8.97,56.63,7.53,145.57,12.08,101.92,10.11,124.08,11.15,12.96,3.6,14.65,3.83
14595,14596,13.873729,56.1053527,1379822.9,6221344.4,1.0,1.0,72975,948.23,30.8,533.95,23.11,198.66,14.1,80.78,8.99,57.05,7.55,145.91,12.08,97.55,9.88,127.64,11.3,9.53,3.09,15.04,3.88
14596,14597,13.8737891,56.1053229,1379826.5,6221340.9,1.0,1.0,72980,947.29,30.77,532.14,23.06,200.41,14.15,82.19,9.06,56.43,7.51,146.41,12.1,96.53,9.82,127.86,11.3,7.94,2.82,14.45,3.8
14597,14598,13.8738492,56.105293,1379830.2,6221337.5,1.0,1.0,72985,946.87,30.75,526.29,22.93,202.38,14.22,84.4,9.18,54.91,7.41,147.03,12.12,98.59,9.92,125.25,11.18,8.07,2.84,13.18,3.63
14598,14599,13.8739091,56.1052631,1379833.8,6221334.1,1.0,1.0,72990,947.41,30.76,518.41,22.76,204.0,14.28,86.92,9.32,52.78,7.26,147.62,12.14,102.52,10.12,121.25,11.01,9.36,3.06,11.92,3.45
14599,14600,13.8739686,56.1052329,1379837.4,6221330.6,1.0,1.0,72995,949.39,30.8,510.56,22.59,204.71,14.3,89.3,9.45,50.34,7.09,148.0,12.16,107.12,10.35,117.33,10.83,11.23,3.35,11.33,3.36
14600,14601,13.8740275,56.1052024,1379841.0,6221327.1,1.0,1.0,73000,953.27,30.88,504.77,22.47,203.91,14.28,91.07,9.54,47.87,6.92,147.99,12.17,111.19,10.54,114.93,10.72,13.09,3.62,12.09,3.48
14601,14602,13.8740856,56.1051714,1379844.5,6221323.6,1.0,1.0,73005,959.2,30.98,502.44,22.42,201.35,14.19,91.87,9.59,45.63,6.76,147.44,12.15,113.85,10.67,115.05,10.73,14.53,3.81,14.56,3.82
14602,14603,13.8741431,56.1051401,1379848.0,6221320.0,1.0,1.0,73010,966.32,31.1,502.7,22.43,197.79,14.07,91.7,9.58,43.73,6.62,146.25,12.1,115.32,10.74,117.15,10.83,15.59,3.95,18.02,4.25
14603,14604,13.8742004,56.1051087,1379851.5,6221316.4,1.0,1.0,73015,973.52,31.22,504.24,22.47,194.24,13.94,90.66,9.53,42.26,6.5,144.34,12.02,116.06,10.78,120.36,10.98,16.46,4.06,21.54,4.64
14604,14605,13.8742576,56.1050772,1379854.9,6221312.8,1.0,1.0,73020,979.71,31.31,505.72,22.49,191.67,13.85,88.82,9.43,41.31,6.43,141.61,11.9,116.54,10.8,123.81,11.13,17.3,4.16,24.17,4.92
14605,14606,13.8743151,56.1050458,1379858.4,6221309.2,1.0,1.0,73025,983.8,31.36,505.83,22.49,191.09,13.82,86.28,9.29,40.98,6.4,137.97,11.74,117.22,10.83,126.62,11.25,18.27,4.27,24.99,5
14606,14607,13.8743729,56.1050147,1379861.9,6221305.6,1.0,1.0,73030,985.3,31.37,504.06,22.43,192.93,13.88,83.18,9.11,41.26,6.42,133.57,11.55,118.18,10.86,128.2,11.31,19.4,4.4,23.61,4.86
14607,14608,13.8744311,56.1049837,1379865.4,6221302.1,1.0,1.0,73035,984.88,31.34,501.47,22.37,196.58,14.0,79.75,8.92,42.04,6.48,128.98,11.34,118.89,10.89,128.48,11.32,20.35,4.51,20.75,4.55
14608,14609,13.8744895,56.1049528,1379869.0,6221298.5,1.0,1.0,73040,983.35,31.32,499.26,22.32,201.33,14.17,76.25,8.72,43.19,6.56,124.8,11.16,118.69,10.88,127.43,11.27,20.78,4.55,17.23,4.15
14609,14610,13.874548,56.104922,1379872.5,6221295.0,1.0,1.0,73045,981.51,31.31,498.67,22.32,206.45,14.36,72.95,8.54,44.55,6.67,121.67,11.02,116.95,10.81,125.02,11.18,20.36,4.51,13.87,3.72
14610,14611,13.8746066,56.1048913,1379876.1,6221291.5,1.0,1.0,73050,980.06,31.35,500.74,22.41,211.23,14.56,70.07,8.38,46.01,6.79,120.12,10.98,113.14,10.65,121.29,11.03,18.78,4.34,11.46,3.39
14611,14612,13.8746652,56.1048606,1379879.6,6221287.9,1.0,0.99,73055,978.77,31.42,504.87,22.56,215.0,14.72,67.78,8.27,47.46,6.92,120.1,11.0,107.8,10.43,116.77,10.85,16.33,4.06,10.12,3.19
14612,14613,13.8747236,56.1048298,1379883.1,6221284.4,1.0,0.99,73060,976.81,31.47,509.41,22.73,217.11,14.84,66.17,8.19,48.84,7.04,121.15,11.08,102.14,10.18,112.32,10.67,13.65,3.72,9.63,3.13
14613,14614,13.8747819,56.1047989,1379886.7,6221280.9,1.0,0.98,73065,973.37,31.49,512.71,22.85,216.92,14.87,65.33,8.16,50.08,7.14,122.83,11.19,97.39,9.96,108.8,10.53,11.37,3.4,9.76,3.15
14614,14615,13.8748398,56.1047678,1379890.2,6221277.3,1.0,0.98,73070,967.61,31.42,513.13,22.88,213.79,14.77,65.36,8.17,51.12,7.22,124.68,11.28,94.75,9.83,107.06,10.45,10.14,3.22,10.27,3.24
14615,14616,13.8748975,56.1047366,1379893.7,6221273.7,1.0,0.98,73075,959.46,31.26,509.79,22.79,207.57,14.54,66.27,8.22,51.86,7.27,126.31,11.34,94.97,9.84,107.55,10.47,10.34,3.25,10.96,3.34
14616,14617,13.8749552,56.1047054,1379897.2,6221270.2,1.0,0.99,73080,950.96,31.05,504.14,22.61,199.55,14.23,67.85,8.3,52.09,7.27,127.46,11.37,97.39,9.94,109.48,10.54,11.68,3.44,11.78,3.46
14617,14618,13.8750131,56.1046743,1379900.7,6221266.6,1.0,0.99,73085,944.54,30.86,498.01,22.41,191.3,13.89,69.85,8.39,51.58,7.21,127.95,11.36,101.09,10.1,111.84,10.62,13.7,3.72,12.66,3.57
14618,14619,13.8750714,56.1046435,1379904.2,6221263.1,1.0,1.0,73090,942.62,30.74,493.25,22.24,184.38,13.6,72.0,8.5,50.11,7.09,127.56,11.31,105.18,10.27,113.64,10.67,15.96,4.0,13.57,3.69
14619,14620,13.8751306,56.1046131,1379907.8,6221259.6,1.0,1.0,73095,947.5,30.75,491.62,22.15,180.28,13.41,74.05,8.6,47.47,6.88,126.11,11.22,108.76,10.42,113.91,10.66,18.04,4.24,14.46,3.8
14620,14621,13.8751905,56.1045831,1379911.4,6221256.1,1.0,1.01,73100,958.55,30.88,493.09,22.15,179.34,13.36,75.97,8.69,44.01,6.62,124.07,11.11,111.42,10.53,112.82,10.59,19.72,4.43,15.28,3.9
14621,14622,13.8752507,56.1045534,1379915.1,6221252.7,1.0,1.01,73105,972.37,31.09,495.97,22.21,180.74,13.41,77.86,8.8,40.54,6.35,122.52,11.04,113.15,10.61,111.53,10.53,20.95,4.56,16.0,3.99
14622,14623,13.8753109,56.1045236,1379918.7,6221249.3,1.0,1.0,73110,985.49,31.33,498.5,22.28,183.66,13.53,79.89,8.92,37.92,6.15,122.56,11.05,114.0,10.66,111.26,10.53,21.72,4.65,16.6,4.07
14623,14624,13.8753707,56.1044936,1379922.3,6221245.9,1.0,1.0,73115,994.41,31.54,498.93,22.34,187.25,13.69,82.17,9.07,37.01,6.08,125.3,11.2,113.97,10.68,113.23,10.64,22.0,4.69,17.02,4.13
14624,14625,13.8754299,56.1044632,1379925.9,6221242.4,1.0,0.99,73120,996.77,31.69,496.05,22.35,190.83,13.86,84.71,9.24,38.29,6.21,131.21,11.5,113.11,10.67,118.09,10.91,21.83,4.69,17.27,4.17
14625,14626,13.8754884,56.1044325,1379929.5,6221238.9,1.0,0.99,73125,993.91,31.76,490.49,22.31,194.2,14.04,87.09,9.4,41.1,6.46,138.84,11.87,111.46,10.63,124.62,11.25,21.37,4.66,17.37,4.2
14626,14627,13.8755466,56.1044015,1379933.0,6221235.3,1.0,0.98,73130,987.92,31.75,483.28,22.21,197.25,14.19,88.76,9.52,44.55,6.74,146.29,12.22,109.05,10.55,131.22,11.57,20.85,4.61,17.38,4.21
14627,14628,13.8756044,56.1043704,1379936.5,6221231.7,1.0,0.98,73135,980.89,31.66,475.41,22.04,199.87,14.29,89.2,9.55,47.74,6.98,151.69,12.45,105.94,10.41,136.28,11.8,20.47,4.57,17.36,4.21
14628,14629,13.8756621,56.1043391,1379940.0,6221228.2,1.0,0.98,73140,974.85,31.49,467.88,21.82,201.97,14.33,87.92,9.46,49.79,7.12,153.24,12.48,102.18,10.19,138.26,11.86,20.46,4.56,17.35,4.2
14629,14630,13.8757199,56.1043079,1379943.5,6221224.6,1.0,0.99,73145,970.69,31.26,461.57,21.56,203.43,14.31,85.09,9.26,50.49,7.13,150.87,12.32,98.07,9.94,136.9,11.74,20.79,4.57,17.31,4.17
14630,14631,13.8757778,56.1042768,1379947.0,6221221.0,1.0,1.01,73150,968.04,31.03,457.24,21.33,204.17,14.25,81.63,9.01,50.28,7.07,146.37,12.07,94.17,9.68,133.29,11.51,21.25,4.6,17.12,4.13
14631,14632,13.8758362,56.1042459,1379950.5,6221217.5,1.0,1.02,73155,966.52,30.85,455.64,21.18,204.08,14.18,78.47,8.79,49.64,6.99,141.58,11.81,91.05,9.47,128.56,11.25,21.59,4.61,16.66,4.05
14632,14633,13.8758951,56.1042154,1379954.1,6221214.0,1.0,1.02,73160,965.73,30.77,457.51,21.18,203.07,14.11,76.54,8.66,49.05,6.93,138.37,11.65,89.29,9.36,123.87,11.02,21.59,4.6,15.78,3.93
